{
  "ending_arr": 58264251.31934378,
  "fy_revenue": 52506369.19800115,
  "ending_cash": 6673852.643621988,
  "ending_runway": 12.340321110817728,
  "nrr": 0.9971214337117256,
  "grr": 0.9961232212085336,
  "ltv_cac": 24.809639287762284,
  "rule_of_40": 0.38831262127849875,
  "q3_revenue_variance": -436768.47,
  "fy_opex_variance": -870527,
  "base_fy_revenue": 52506369.19800115,
  "upside_fy_revenue": 55859699.67860989,
  "downside_fy_revenue": 48206179.53410083
}